id,name,street,zip_code,lat,lon,geojson_feature_id
268916633,,,,52.5707637,13.5552162,11100102
268917387,,,,52.5414241,13.2069566,05100314
277803769,,,,52.4819227,13.1518879,05400942
279173970,,,,52.5258649,13.4814245,11300620
288744447,,,,52.4513554,13.4501505,08200726
296413606,,,,52.3824723,13.0910288,0
297409728,,,,52.4950783,13.5000793,11401135
298791704,,,,52.5336423,13.4016366,01100416
299207667,,,,52.4328749,13.3152314,06200421
303001360,,,,52.3867353,13.2827182,0
304318838,,,,52.362828,13.4305016,0
309850243,,,,52.6140455,13.2052878,0
311482838,,,,52.5926426,13.4468734,03300514
319256341,,,,52.3463683,13.4231714,0
320943664,,,,52.5218792,13.4224286,01100311
320943667,,,,52.521899,13.4207517,01100311
320952198,,,,52.5208996,13.4279211,01100311
325032610,,,,52.4932082,13.5362961,11501340
326807347,,,,52.5156849,13.4246178,01100311
330399348,,,,52.507273,13.4688175,02500832
336246923,,,,52.3656687,13.3072162,0
336247002,,,,52.3642923,13.3076535,0
339587017,,,,52.5726605,13.3560486,12100205
339587018,,,,52.5717517,13.3553248,12100205
339587019,,,,52.5711017,13.3568166,12100205
339594491,,,,52.5770247,13.2838394,12200413
340393362,,,,52.375011,13.2286511,0
348321369,,,,52.3820323,13.2808109,0
355499424,,,,52.4215671,13.3671808,07601236
366626801,,,,52.5638929,13.3579473,12100204
371776064,,,,52.5106317,13.3114126,04300623
373432869,,,,52.4338283,13.4218937,08200729
388427612,Abenteuerspielplatz,,,52.5212937,13.1708427,05200527
388427824,,,,52.5210249,13.1685961,05200527
388427876,,,,52.520675,13.1702612,05200527
388428166,,,,52.5213847,13.17763,05200527
390351791,,,,52.4643341,13.3583466,07300619
415308246,Waldspielplatz Promenade Teufelssee,,,52.4224599,13.6289789,09401329
416562507,,,,52.61754,13.3922659,03200204
437289413,,,,52.5296648,13.3010243,04300517
447436574,,,,52.5240358,13.3205079,04300620
450694942,,,,52.5366713,13.2072562,05100316
454172373,,,,52.5589881,13.4024901,03400826
454172374,,,,52.5582907,13.4056446,03400826
454172375,,,,52.5583542,13.4046123,03400826
469243944,,,,52.5719814,13.4051367,03400722
492018705,,,,52.6395425,13.3236992,0
492022212,,,,52.617855,13.337092,12500929
495253478,,,,52.3630328,13.1352186,0
503219429,,,,52.6327209,13.3510997,0
508540557,,,,52.5100304,13.4869695,11300826
521973711,,,,52.5000091,13.4804391,11501238
525478172,Tommys Tobewelt,Roelckestraße 105,13088,52.5650477,13.4585854,03501037
528026550,,,,52.4865764,13.29604,04400727
533643498,,,,52.4036604,13.2079368,0
534726577,,,,52.4451395,13.2712373,06400843
536387498,,,,52.4400669,13.6015811,09401433
536387500,,,,52.4389786,13.602345,09401433
536387501,,,,52.438785,13.6031948,09401433
536387502,,,,52.4406948,13.6027656,09401433
559645650,,,,52.5486643,13.4956692,11200411
560832876,,,,52.5366479,13.5552568,10100314
568285574,,,,52.5487779,13.5006124,11200411
573599542,,,,52.4349724,13.3606419,06200311
590734500,,,,52.4415024,13.3851985,07501030
654262461,,,,52.5000849,13.4760625,11501238
659386316,,,,52.5306075,13.3958348,01100415
661117344,,,,52.6058342,13.3342296,12601032
678456111,Waldspielplatz Rallenweg,,,52.5960939,13.2238377,12400619
715816177,,,,52.4649933,13.5281734,09200512
747557290,,,,52.5869713,13.4036633,03200207
801751867,,,,52.5764014,13.3491679,12100205
804680245,,,,52.5266544,13.5410248,10100312
817329941,,,,52.5202488,13.176085,05200527
822822363,,,,52.5738191,13.3617007,12100103
845297766,,,,52.4928378,13.5108515,11401135
845297778,,,,52.4928237,13.5145599,11401135
854443431,Zirkusspielplatz,Adolfstraße 13,13347,52.5473767,13.3669478,01401043
857531984,,,,52.4238011,13.4199285,08200832
874356018,KIPA,,,52.5031206,13.4132244,02100104
875381448,,,,52.6664364,13.4936562,0
890894442,,,,52.4892623,13.2776898,04400726
899722388,,,,52.4385034,13.7214862,09501838
908179086,,,,52.5655057,13.3623462,12100204
933602469,,,,52.3812893,13.4603688,0
936789710,,,,52.4610531,13.7254759,0
984114092,,,,52.620457,13.485284,03300411
984120137,,,,52.6200492,13.4872113,03300411
984579469,,,,52.6273485,13.4928744,03100103
992670271,,,,52.619405,13.485909,03300411
1008336888,,,,52.4172473,13.4325417,08200832
1010611439,,,,52.4515636,13.3111461,06300629
1018628963,,,,52.5354971,13.490238,11200514
1041694775,Spielplatz Neustrelitzer Str. 8-22,,,52.5366593,13.4922675,11200514
1054886718,,,,52.4086095,13.2532777,06300525
1059293614,,,,52.4125755,13.257507,06300525
1059363961,Inklusiver Abenteuerspielplatz (IASP),,,52.4138497,13.2563161,06300525
1059733860,,,,52.4103674,13.2600418,06300525
1064295514,,,,52.4107,13.2550367,06300525
1064295535,,,,52.4118109,13.2600778,06300525
1064295609,,,,52.4114343,13.2587637,06300525
1083287533,,,,52.4105255,13.2609645,06300525
1086725299,,,,52.4132697,13.2697925,06300528
1092222350,,,,52.497796,13.4085121,02100106
1096159661,,,,52.4123659,13.256616,06300525
1112645551,,,,52.4225599,13.2417984,06300524
1115319199,,,,52.4026446,13.2584694,0
1118397723,,,,52.4889183,13.2963081,04400727
1121520591,,,,52.5398916,13.4905253,11200513
1169625264,,,,52.6027305,13.6120657,0
1169918404,,,,52.3936949,13.4148988,07601545
1180858925,,,,52.6125729,13.3449876,12500929
1187881023,,,,52.551133,13.342722,01400938
1187881038,,,,52.5508591,13.3422445,01400938
1195426382,,,,52.4079783,13.3566942,07601341
1202732210,,,,52.5242499,13.4563466,03601453
1205570282,Wustermarker Straße,,,52.5388673,13.1756963,05100211
1214743752,,,,52.6379393,13.1932621,0
1214743761,,,,52.6372156,13.197352,0
1214743780,,,,52.6372318,13.1953153,0
1214981277,,,,52.5269019,13.365276,01200624
1216914909,,,,52.5305431,13.6092822,10200525
1216914912,,,,52.5301192,13.6088739,10200525
1216915007,,,,52.5315802,13.6133366,10200525
1216915072,,,,52.5310261,13.6099248,10200525
1220019281,,,,52.4963063,13.4449243,02300419
1220019321,,,,52.4964662,13.4435349,02300419
1220019323,,,,52.4960449,13.444946,02300419
1227688289,,,,52.6131489,13.344435,12500929
1227688844,,,,52.6137612,13.3458136,12500929
1227855122,,,,52.5136039,13.3023022,04300621
1246743440,,,,52.3992693,13.269041,0
1247539874,,,,52.4327962,13.3940673,07501134
1251071266,,,,52.5122214,13.4071852,01100312
1270212992,,,,52.4328254,13.4224015,08200729
1270522311,,,,52.5405862,13.3600377,01401047
1270801292,,,,52.4867638,13.286431,04400726
1275848635,,,,52.3665921,13.1416813,0
1275848691,,,,52.3676332,13.1383986,0
1275848733,,,,52.3672713,13.1381958,0
1289154937,,,,52.5373536,13.578769,10100316
1289504974,,,,52.496023,13.4264628,02300417
1332133753,,,,52.4729574,13.3424446,07300618
1349706918,,,,52.5112123,13.5225985,11401033
1356471158,,,,52.4713607,13.3463021,07300619
1357151817,,,,52.5343774,13.4348561,03701660
1359318973,,,,52.3593191,13.0957678,0
1359318985,Räuberspielplatz,,,52.3570634,13.0902893,0
1361502467,,,,52.5771382,13.3952005,03200206
1367322607,,,,52.5445389,13.2418676,05300737
1367322610,,,,52.5439508,13.2420742,05300737
1367322706,,,,52.5441131,13.2425825,05300737
1367322778,,,,52.5445658,13.243013,05300737
1367322804,,,,52.5444964,13.2424711,05300737
1367322842,,,,52.5442281,13.2431028,05300737
1382509128,St. Ursula Schulhof,,,52.43452,13.2651052,06300527
1382516064,,,,52.4400675,13.2899805,06300634
1389926124,,,,52.5448461,13.2458495,05300737
1389926129,,,,52.5452106,13.2447662,05300737
1389926133,,,,52.5456567,13.2466773,05300737
1394009801,,,,52.5462855,13.238891,05300737
1394013227,,,,52.5447008,13.2405621,05300737
1396422234,,,,52.5398326,13.2394696,05300737
1397487694,,,,52.541231,13.2402715,05300737
1399731800,,,,52.5438511,13.2577916,05300839
1401627780,,,,52.5475155,13.2313961,05300736
1412135727,,,,52.5478616,13.2644657,05300839
1412157967,,,,52.547568,13.2610408,05300839
1412157993,,,,52.5477735,13.2633848,05300839
1415785202,,,,52.5009342,13.5740267,10300734
1417050249,,,,52.544222,13.2614971,05300839
1419007974,,,,52.5299079,13.1809248,05200629
1419007975,,,,52.5304601,13.1798144,05200629
1427146152,,,,52.5157349,13.5045759,11300725
1436410601,,,,52.5144517,13.4800779,11300722
1438198683,,,,52.479126,13.3206371,04501151
1444967264,,,,52.3398721,13.3879743,0
1444967265,,,,52.340533,13.394691,0
1464502746,,,,52.4958087,13.5022747,11401135
1469238068,,,,52.5001177,13.4980613,11401136
1474024957,,,,52.4515789,13.3364212,06100208
1476399655,,,,52.5860926,13.3035729,12500825
1477769770,,,,52.5098991,13.5129091,11400931
1490221590,,,,52.5148712,13.16991,05200528
1506613246,,,,52.6319765,13.4968945,03100103
1508411499,,,,52.4986964,13.3391577,07100101
1508583185,,,,52.4421912,13.5023129,09100408
1509995615,,,,52.6266233,13.4976232,03100103
1534148113,,,,52.5317749,13.5449882,10100312
1534148160,,,,52.5324496,13.5449525,10100312
1534148195,,,,52.532698,13.5455372,10100312
1560584878,,,,52.6448881,13.3592626,0
1576580828,,,,52.4694395,13.1060585,0
1579881884,,,,52.5247989,13.4811648,11300620
1627255999,Kleiner Rodelberg,,,52.4460647,13.5392194,09200717
1675579218,,,,52.4305563,13.3623385,06200316
1681574212,,,,52.5372909,13.4658611,03601450
1682115199,,,,52.3827745,13.2804094,0
1682115213,,,,52.3822441,13.283848,0
1682115214,,,,52.3831999,13.2841597,0
1691020929,,,,52.3643126,13.1329531,0
1703464229,,,,52.5702668,13.5047245,11100307
1708942100,,,,52.363285,13.1340954,0
1708942175,,,,52.3642757,13.1346661,0
1731628942,,,,52.6027277,13.2396389,12400619
1732017629,,,,52.5309217,13.5401488,10100312
1757025319,,,,52.5527757,13.3385042,01400937
1762950875,,,,52.5153195,13.4465543,02400624
1770040485,,,,52.6061647,13.3610445,12601134
1773642934,,,,52.5279952,13.3980193,01100309
1773961567,,,,52.5958034,13.3591203,12601235
1775022597,,,,52.6210556,13.2339307,12400617
1777158333,,,,52.5705026,13.5637213,10100101
1777968241,,,,52.5487013,13.5610859,10100209
1779043947,,,,52.5435889,13.3794796,01300835
1782302622,,,,52.5352159,13.4406328,03601451
1783040024,,,,52.4507723,13.309164,06300629
1783518667,Spielplatz mit Seilbahn,,,52.5966982,13.6951595,0
1785639962,Waldspielplatz Däumlingsweg,,,52.4658326,13.5979383,09502042
1830502277,,,,52.5853783,13.2833635,12200515
1830502307,,,,52.5855926,13.2861438,12200515
1836347891,,,,52.515314,13.4394775,02400623
1845061518,,,,52.5609835,13.3949125,01300732
1848175380,,,,52.5630227,13.392493,01300732
1853277636,,,,52.460128,13.3499336,07300619
1853277653,,,,52.4606706,13.349719,07300619
1855197274,,,,52.5164116,13.4624239,02500728
1863556827,,,,52.5335073,13.4329719,03701660
1888655264,,,,52.4941082,13.300562,04500939
1904540845,,,,52.545932,13.4771386,11200512
1909984872,,,,52.3943504,13.711989,0
1946719408,Ameisengasse,,,52.3979638,13.2034872,0
2008623772,,,,52.5447589,13.3962482,01300834
2008716703,,,,52.5306805,13.4215872,03701659
2019486912,,,,52.5523177,13.5660636,10100209
2053253930,,,,52.4021292,13.254817,0
2091480495,,,,52.5605625,13.4465112,03500932
2091489555,,,,52.5611612,13.44542,03500932
2091489558,,,,52.5615916,13.443022,03500932
2094435227,,,,52.5268552,13.6880354,0
2109552890,,,,52.5578819,13.4435633,03500932
2137628923,,,,52.4112421,13.7531013,0
2187940730,,,,52.415914,13.7590047,0
2319706912,,,,52.4349037,13.2771922,06300527
2319706914,,,,52.4357454,13.276352,06300527
2333230671,,,,52.5031683,13.3705601,01100104
2348342282,,,,52.361405,13.306035,0
2348841626,,,,52.354547,13.3014469,0
2348841629,,,,52.3550421,13.3017642,0
2356047929,,,,52.6656391,13.4918109,0
2363347413,,,,52.5833648,13.40496,03200207
2374526230,,,,52.4537549,13.5815889,09501941
2374598867,,,,52.4942277,13.3786537,02200207
2375950696,,,,52.4277882,13.4295176,08200729
2376136705,,,,52.6517346,13.3830482,0
2376408426,,,,52.5755427,13.4145798,03400724
2379071346,,,,52.5418443,13.7548443,0
2394280419,,,,52.4309162,13.4180753,08200729
2399721176,,,,52.4326484,13.4159596,08200729
2399755129,Piratenschiff,,,52.4356865,13.17784,06400737
2402229820,Spielplatz der Wohnanlage am Windhalmweg,,,52.5808358,13.319023,12500930
2431326720,,,,52.5653617,13.4376843,03300516
2432727153,,,,52.5895385,13.3001231,12500825
2440120734,,,,52.6093618,13.4171934,03200310
2458399611,,,,52.6045887,13.4196357,03200308
2459018145,,,,52.6100167,13.4179886,03200310
2459018182,,,,52.6106238,13.4187428,03200310
2459097526,,,,52.6112986,13.4195141,03200310
2462075727,,,,52.613432,13.4254185,03200310
2462075728,,,,52.6138652,13.4245646,03200310
2464217849,,,,52.6106267,13.4295934,03200310
2464217911,,,,52.6128336,13.4297489,03200310
2468915225,,,,52.5049414,13.4039735,02100103
2468915226,,,,52.5049771,13.400616,02100103
2469854990,,,,52.5012406,13.4004291,02100105
2469855040,,,,52.5039881,13.403652,02100103
2469855050,,,,52.5043894,13.4022845,02100103
2481751818,,,,52.5007231,13.3663911,01100104
2493770714,,,,52.5665164,13.295436,12200412
2513576754,Die Erbse,,,52.5354272,13.4820897,11200514
2514738518,,,,52.5291878,13.5968433,10200628
2514738530,,,,52.5294893,13.5969483,10200628
2524044638,,,,52.5271394,13.5942603,10200628
2524044668,,,,52.5282164,13.5940488,10200628
2525388470,,,,52.5401588,13.4350618,03701657
2541138497,,,,52.537665,13.5789118,10100316
2581028510,,,,52.4684321,13.320738,07300516
2587373472,,,,52.5603626,13.4534221,03500932
2587373473,,,,52.5605583,13.4528776,03500932
2587373474,,,,52.5610409,13.4545674,03500932
2627200319,,,,52.5809093,13.3009062,12500825
2637167639,,,,52.5932539,13.4489242,03300514
2637167640,,,,52.5935114,13.4493091,03300514
2640206856,,,,52.409263,13.3033451,06200420
2696783348,,,,52.570691,13.2306512,12400616
2712084275,Spielschloss Diedersdorf,,,52.3386971,13.3546845,0
2731774497,,,,52.4896692,13.3733089,07100206
2754044008,,,,52.5646934,13.3869111,01300731
2754778172,,,,52.4143379,13.3607605,07601236
2756088696,,,,52.4283266,13.4272453,08200729
2808646353,,,,52.538016,13.5666205,10100315
2823111744,,,,52.3484139,13.6336103,0
2826600841,,,,52.5303841,13.4297608,03701660
2838612285,,,,52.5143527,13.4637289,02500831
2849567103,,,,52.600138,13.3579843,12601133
2860757864,,,,52.5014263,13.6225495,10400941
2865013654,,,,52.4069202,13.4384888,0
2868283002,,,,52.5685747,13.2026748,05100101
2869107167,,,,52.4140313,13.4236413,08200832
2869107169,,,,52.4147249,13.4235005,08200832
2870917194,,,,52.4631636,13.5215362,09200511
2870917200,,,,52.4634187,13.5189562,09200511
2876974201,,,,52.4363498,13.2723942,06300527
2881222629,Spielhaus Goldbeckweg,Goldbeckweg 6,13599,52.5426731,13.2305322,05300736
2882563080,,,,52.4821182,13.3527957,07200410
2882563083,,,,52.4812062,13.3513226,07200410
2882563084,,,,52.4807827,13.3521447,07200410
2883115636,,,,52.4817243,13.3523549,07200410
2888572205,,,,52.5437731,13.2061783,05100314
2888629202,,,,52.5446363,13.2063872,05100314
2892541689,,,,52.5384433,13.1797243,05100211
2895550271,,,,52.5246732,13.1702801,05200527
2895596013,,,,52.525668,13.1838953,05200630
2895596344,,,,52.5258073,13.184075,05200630
2896973449,,,,52.5360921,13.1473424,05200421
2896976814,,,,52.5364075,13.1473837,05200421
2898373771,,,,52.4223102,13.4043613,08200831
2898377230,,,,52.4229306,13.4051451,08200831
2899045010,,,,52.4220698,13.4041956,08200831
2899168404,,,,52.4217899,13.4063095,08200831
2899168406,,,,52.4218243,13.4083498,08200831
2899168802,,,,52.4217062,13.4093935,08200831
2899178301,,,,52.4229142,13.4033153,08200831
2899182603,,,,52.4225132,13.4075157,08200831
2899182802,,,,52.422293,13.4095954,08200831
2900110914,,,,52.520113,13.1936212,05200630
2900112015,,,,52.520499,13.192008,05200630
2901140247,,,,52.5197656,13.2007879,05200631
2901140249,,,,52.5197687,13.200563,05200631
2901141246,,,,52.5201848,13.1992235,05200631
2901141447,,,,52.5203088,13.1992225,05200631
2901182201,,,,52.5203287,13.2006768,05200631
2902760536,,,,52.5176201,13.1888106,05200633
2917958404,,,,52.5790706,13.4812195,11100101
2936830901,,,,52.525089,13.507787,11300721
2939748629,,,,52.4668545,13.6999059,0
2948733447,,,,52.5768756,13.226591,12400616
2960570641,,,,52.6156729,13.4240465,03200310
2962696740,Wilde Wiese e.V.,,,52.6003452,13.7533338,0
2963926340,,,,52.4820179,13.3537218,07200410
2975540217,,,,52.4813466,13.5294571,11501340
3021558153,,,,52.4894207,13.3000721,04500939
3028355014,,,,52.4673364,13.6850841,0
3042197676,,,,52.4633302,13.6975768,0
3043396983,,,,52.4671559,13.684982,0
3068214075,,,,52.3629818,13.1309061,0
3075422537,,,,52.5674765,13.4989451,11100308
3079319690,,,,52.6306123,13.4944305,03100103
3089542094,,,,52.4668145,13.3609381,07400822
3091294076,,,,52.5423305,13.4041529,03601142
3091294077,,,,52.5426313,13.4039321,03601142
3091294078,,,,52.5427214,13.4038998,03601142
3091294079,,,,52.5429345,13.4038161,03601142
3123738832,,,,52.5404519,13.3586047,01401047
3123738851,,,,52.5407081,13.3599197,01401047
3133050331,,,,52.4186143,13.410899,08200831
3133050332,,,,52.418872,13.4106515,08200831
3149851086,,,,52.6103198,13.4834628,03300413
3149851103,,,,52.6106406,13.4836452,03300413
3153547625,,,,52.5860772,13.3282889,12500930
3169517445,,,,52.4776497,13.4356542,08100207
3234515063,,,,52.4729251,13.704596,0
3245353661,,,,52.3451,13.6193176,0
3259746601,,,,52.4775034,13.4811558,09100203
3278257604,,,,52.3601594,13.1350872,0
3278257605,,,,52.3582836,13.135967,0
3278257606,,,,52.3592516,13.1363953,0
3278257608,,,,52.3609898,13.1341023,0
3278257609,,,,52.3615788,13.1306325,0
3278257610,,,,52.3615802,13.1295117,0
3278257611,,,,52.3613278,13.1329675,0
3284750904,,,,52.4797737,13.7048291,0
3290672034,,,,52.4920606,13.2385091,04200207
3290672058,,,,52.4922253,13.2379956,04200207
3303485117,,,,52.5309465,13.3523365,01200623
3310674000,,,13189,52.5606671,13.4210778,03400829
3332243448,,,,52.5771159,13.282641,12200413
3350321894,,,,52.4350748,13.4585707,08401139
3356951882,,,,52.6050813,13.4210024,03200308
3380966293,,,,52.6057189,13.4281641,03200310
3389545979,"Spielplatz, Basketball, Tischtennis",,,52.6293637,13.2290635,0
3393162798,,,,52.4564493,13.0995028,0
3397223793,Robin Hood Spielplatz,Elfriede-Kuhr-Straße 7,12355,52.4056134,13.506751,08401245
3399663913,,,,52.5202089,13.4648356,03601453
3404933975,DockX,Ordensmeisterstraße 1-3,12099,52.4551267,13.3880479,07400927
3439378293,,,,52.5258465,13.5870414,10200627
3457228603,,,,52.519747,13.4471386,02400522
3510222694,,,,52.51231,13.437352,02400623
3593105706,,,,52.5044734,13.4882568,11400929
3600559121,,,,52.375085,13.0950268,0
3666633587,,,,52.497957,13.342935,07100101
3714020438,,,,52.4942161,13.3052223,04500939
3722092463,,,,52.5771837,13.2919118,12200413
3722092483,,,,52.5778556,13.2868478,12200413
3722092484,,,,52.5782731,13.2846728,12200413
3755056313,,,,52.4524168,13.3871133,07501031
3792715363,,,,52.4937294,13.6073409,10400940
3792715379,,,,52.4941242,13.6081639,10400940
3823253554,,,,52.4662014,13.4726418,08100521
3873210882,,,,52.5583652,13.4255102,03400828
3881897124,,,,52.4549885,13.5198701,09200613
3882198350,,,,52.4551116,13.5200371,09200613
3882758345,,,,52.5666056,13.2132241,05100103
3921887889,,,,52.4804844,13.4773213,09100203
3925230091,,,,52.3886149,13.5044197,0
3972068386,,,,52.4565346,13.5195234,09200613
3987032545,,,,52.5298387,13.3028755,04300517
3996922338,,,,52.5295905,13.3040585,04300517
4097937037,,,,52.5708913,13.1993146,05100101
4136284715,,,,52.5846481,13.3072913,12500825
4147051984,,,,52.5880448,13.2931792,12500824
4153700971,,,,52.5063582,13.3294964,04300622
4156351865,,,,52.4335205,13.5758996,09401329
4172732089,,,,52.475141,13.523358,11501341
4183659864,,,,52.502884,13.5297809,11401034
4288410134,,,,52.6242209,13.4950967,03100103
4290842691,Haydnallee,,,52.5760932,13.125368,0
4293352989,,,,52.458268,13.3513026,07300619
4311533816,,,,52.6250459,13.4978491,03100103
4317971631,,,,52.5425116,13.6903607,0
4331039589,,,,52.5276359,13.5917248,10200628
4338653390,,,,52.4319547,13.3898469,07501133
4341056691,Moorwiese,,,52.636253,13.4912422,03100101
4347487177,,,,52.4278967,13.4166213,08200729
4358677389,,,,52.5457503,13.2809131,04100101
4361898139,Waldspielplatz Rauchfangswerder,,,52.3433127,13.6513116,09301228
4374356278,,,,52.4283612,13.3608039,06200316
4405477781,,,,52.5007395,13.3049356,04500936
4415989164,,,,52.4761052,13.4799341,09100203
4415989182,,,,52.4772534,13.4770881,09100202
4415989188,,,,52.4776509,13.477488,09100202
4415989727,,,,52.4736813,13.4772973,09100203
4415989732,,,,52.4739966,13.4825805,09100203
4415989752,,,,52.4750256,13.4814375,09100203
4415989994,,,,52.4784769,13.4748044,09100202
4425697972,,,,52.630871,13.3302787,0
4426813653,,,,52.4670248,13.4808804,09100304
4426813698,,,,52.4676928,13.4860986,09100304
4429133549,,,,52.3863457,13.0985452,0
4498221219,,,,52.4916345,13.5098701,11401135
4508109445,,,,52.4452656,13.342321,06100206
4551104991,,,,52.4288895,13.5941159,09401329
4563484718,,,,52.4979634,13.4985939,11401135
4610249064,,,,52.4808236,13.5333882,11501340
4621963731,,,,52.4928458,13.5093191,11401135
4621978758,,,,52.4934003,13.5125368,11401135
4621982708,,,,52.4935649,13.5140214,11401135
4621996994,,,,52.4930297,13.5165099,11401137
4622626832,Kinderwald,,,52.4794372,13.4516005,08100418
4625164090,,,,52.6445614,13.3170974,0
4634471308,,,,52.4946571,13.5082216,11401135
4637528535,,,,52.4890528,13.4548795,09100101
4680157739,,,,52.5098159,13.4782851,11300826
4680160254,,,,52.5092541,13.4794542,11300826
4680171951,,,,52.5080514,13.4813295,11300826
4690115863,,,,52.3801009,13.1264044,0
4704975520,,,,52.5034512,13.4925067,11400929
4716440132,,,,52.5723739,13.4893386,11100101
4719440372,,,,52.5229348,13.1644309,05200527
4719440373,,,,52.5228239,13.1652919,05200527
4719440374,,,,52.5231241,13.1664748,05200527
4719440375,,,,52.523036,13.1673063,05200527
4730501442,,,,52.4700968,13.5673309,09502043
4784490022,,,,52.4965998,13.6763283,0
4793200054,"""Schillerpark""",,,52.6520767,13.5275616,0
4813372368,,,,52.5673738,13.5333944,11100203
4813395795,,,,52.5640491,13.5311282,11100203
4820070607,,,,52.499476,13.513948,11401136
4825235695,,,,52.4952301,13.5043812,11401135
4838779327,,,,52.3755071,13.1034374,0
4889402749,,,,52.4867873,13.5178121,11501339
4897199869,,,,52.5331247,13.5456398,10100312
4897211120,,,,52.5335212,13.5476071,10100312
4897228732,,,,52.5337538,13.546951,10100312
4908859784,,,,52.4993169,13.500324,11401136
4908859787,,,,52.4997706,13.4996488,11401136
4908977703,,,,52.4993623,13.5050535,11401136
4910533620,,,,52.5026519,13.510675,11401136
4910534427,,,,52.5030024,13.5107026,11401136
4910534428,,,,52.5010163,13.5109596,11401136
4910534432,,,,52.501108,13.5103347,11401136
4910534433,,,,52.5012274,13.5097444,11401136
4910939328,,,,52.4954322,13.508483,11401135
4910939350,,,,52.4958565,13.5078946,11401135
4918213494,,,,52.6378258,13.2090881,0
4918295011,,,,52.6389749,13.2020688,0
4918295012,,,,52.6387096,13.2021171,0
4918295013,,,,52.6380918,13.2000031,0
4918295014,,,,52.6381562,13.2003173,0
4918295015,,,,52.6390547,13.2003951,0
4918295016,,,,52.6396485,13.2004437,0
4919113987,,,,52.6351612,13.1948698,0
4928571073,,,,52.6141396,13.2023397,0
4928573025,,,,52.6121592,13.1993678,0
4948137829,,,,52.5292367,13.3936677,01100415
4949461837,Spielplatz Am Kleinen Fennpfuhl,,,52.5312357,13.4741452,11300617
4954651329,,,,52.4619205,13.2689083,06400842
4959864078,,,,52.4982497,13.5153183,11401136
4959892791,,,,52.4970569,13.5078357,11401136
4987665462,,,,52.3866148,13.0987029,0
4993228869,,,,52.4500165,13.4505762,08200726
4993228871,,,,52.4506031,13.4504474,08200726
4999316233,,,,52.3867727,13.0974321,0
5001523802,,,,52.496446,13.5159684,11401137
5001523806,Spielplatz An der Dathepromenade,,,52.4966766,13.5180322,11401137
5001733120,,,,52.5640548,13.4411067,03300516
5004532843,,,,52.5013939,13.5021617,11401136
5004568409,,,,52.5020432,13.5063673,11401136
5004568410,,,,52.5023904,13.5069849,11401136
5004568417,,,,52.5020004,13.5071214,11401136
5027237631,,,,52.4811711,13.3631019,07200413
5046270190,,,,52.5062687,13.5109493,11400930
5046287669,,,,52.5070508,13.5103538,11400930
5072747001,,,,52.4947578,13.5044167,11401135
5075144799,,,,52.4900072,13.5132351,11501339
5094750206,Spielplatz Osterwäldchen,,,52.4966529,13.5163321,11401137
5139356774,,,,52.5130904,13.406246,01100312
5167115409,,,,52.5009482,13.3547239,07100103
5168682624,,,,52.449019,13.3503743,06100205
5226844882,,,,52.5758602,13.3684521,12100103
5230542676,,,,52.5679817,13.3644933,12100102
5233720829,,,,52.5749271,13.3687923,12100103
5245841438,,,,52.5704079,13.3594206,12100205
5245877822,,,,52.5678094,13.3458448,12100205
5249512825,,,,52.5439808,13.5717489,10100316
5249512931,,,,52.5438098,13.5717293,10100316
5249513227,,,,52.5419143,13.5753653,10100316
5249513230,,,,52.5434964,13.5745305,10100316
5249513233,,,,52.5435566,13.5717591,10100316
5250276423,,,,52.5447914,13.574966,10100316
5262044332,,,,52.3777412,13.1225994,0
5279833068,,,,52.57319,13.3606447,12100103
5279833073,,,,52.5719421,13.360982,12100103
5282878880,,,,52.5009962,13.6560114,0
5291447009,,,,52.498048,13.4781761,11501238
5310869921,,,,52.5001944,13.3904913,02100102
5310869922,,,,52.5001871,13.3935423,02100102
5327159432,,,,52.5579662,13.4126314,03400826
5327159443,,,13189,52.5607117,13.4205545,03400829
5351787234,,,,52.5253391,13.1486043,05200525
5354313636,,,,52.4197256,13.2824954,06300632
5378770154,,,,52.4918367,13.5112341,11401135
5407237291,,,,52.385744,13.3998286,07601544
5413900654,,,,52.5797983,13.3347317,12500930
5413900655,,,,52.5793086,13.3345087,12500930
5413900656,,,,52.5801405,13.3348306,12500930
5416424791,,,,52.4602765,13.3771251,07400824
5418743296,,,,52.5492544,13.4399311,03601245
5420255665,,,,52.5154924,13.4942031,11300725
5449038032,,,,52.5236317,13.4526261,02500726
5449068124,,,,52.5390782,13.4463264,03601449
5454009615,,,,52.4957544,13.535684,11501340
5454087759,,,,52.4902712,13.5254471,11501339
5454990101,,,,52.4898424,13.5253463,11501339
5469267470,,,,52.5198022,13.4840132,11300722
5469267473,,,,52.5197901,13.4833707,11300722
5470079344,,,,52.5419067,13.3993518,01300834
5470079345,,,,52.5420705,13.3992317,01300834
5470079346,,,,52.5422232,13.3990952,01300834
5470825723,,,,52.4607691,13.540561,09200512
5471152655,,,,52.5541789,13.4247592,03400828
5477244417,,,,52.4378025,13.4550944,08401139
5486310639,,,,52.4147703,13.6539976,09401635
5489586032,,,,52.4991078,13.434045,02300419
5514235565,,,,52.4987851,13.4633609,02500835
5520762711,,,,52.4589489,13.2736685,06400842
5540839624,,,,52.6030684,13.3652168,12601133
5540839625,,,,52.6031733,13.3649459,12601133
5540839626,,,,52.603126,13.3645116,12601133
5540839628,,,,52.605426,13.3621915,12601134
5545383806,,,,52.6030148,13.3662502,12601133
5545383807,,,,52.6026663,13.3662837,12601133
5546273280,,,,52.6047938,13.3510348,12601134
5550508634,,,,52.6022947,13.3614938,12601133
5550508635,,,,52.6038918,13.3636962,12601133
5552441100,,,,52.6001926,13.3609163,12601133
5561700006,,,,52.5989729,13.358566,12601133
5561700007,,,,52.5988446,13.3589909,12601133
5561700008,,,,52.5991956,13.3575022,12601133
5586240994,,,,52.5536863,13.1984939,05100312
5587090715,,,,52.459894,13.3770608,07400825
5599915518,,,,52.4595641,13.6113496,09501736
5611408514,Orgelpfeifen,,,52.4840755,13.725699,0
5641930030,,,,52.5020427,13.3508536,07100102
5671118026,,,,52.4600971,13.3768884,07400824
5671118029,,,,52.4596049,13.3755147,07400823
5680352808,,,,52.563613,13.0939811,0
5693384408,,,,52.5291974,13.1994915,05200629
5718500315,,,,52.5907758,13.3384928,12500926
5725896555,,,,52.5866614,13.3401222,12500930
5725896556,,,,52.5864163,13.3402998,12500930
5745542314,,,,52.5893336,13.3277804,12500926
5747117177,,,,52.5016867,13.5037841,11401136
5749517707,,,,52.5575815,13.4274195,03400828
5755720028,,,,52.3821312,13.0907321,0
5755720030,,,,52.3742467,13.1021067,0
5769052442,,,,52.5137873,13.4383799,02400623
5777670113,,,,52.4219545,13.3036966,06300631
5779018019,,,,52.5015424,13.5016993,11401136
5784137480,,,,52.499015,13.4857442,11400928
5791479176,,,,52.4732308,13.6994375,0
5791479177,,,,52.4728828,13.6993437,0
5791479178,,,,52.4724939,13.6992766,0
5817322760,,,,52.3983401,13.1161529,0
5825013820,,,,52.5349377,13.2796718,04100101
5825383195,,,,52.441715,13.5684802,09200819
5825383198,,,,52.4398415,13.5693776,09200819
5825383199,,,,52.4409722,13.5692297,09200819
5825389565,,,,52.4386432,13.5660993,09200819
5829633761,,,,52.5040033,13.4919789,11400929
5844150623,,,,52.5772509,13.3220958,12200307
5859009108,,,,52.5020034,13.5057161,11401136
5910112949,,,,52.5711641,13.5014572,11100307
5910139885,,,,52.5026215,13.5085724,11401136
5911153085,,,,52.4718514,13.4902072,09100305
5911153185,,,,52.4759268,13.4838127,09100203
5922449271,,,,52.5097924,13.4869624,11300826
5935206974,,,,52.538805,13.4308666,03701657
5938286901,,,,52.5483019,13.4390768,03601245
5952121595,,,,52.5619044,13.4094515,03400826
5981180550,,,,52.393352,13.3962332,07601544
5995875376,,,,52.492698,13.3783315,02200207
6003537263,,,,52.5655848,13.4204008,03400830
6003537264,,,,52.5656401,13.4201515,03400830
6005882527,,,,52.6030013,13.3268831,12601031
6007016012,,,,52.5614403,13.3979485,03400721
6064794971,,,,52.5506551,13.4087627,03601141
6116376486,,,,52.3473401,13.0980551,0
6141513234,,,,52.6746963,13.5692722,0
6171061179,,,,52.4817929,13.529224,11501340
6171087336,,,,52.4791292,13.5275522,11501341
6205451516,,,,52.570378,13.4369913,03300516
6205593109,,,,52.5177519,13.5043269,11300725
6242084242,,,,52.6046466,13.4248409,03200310
6245921128,,,,52.5471708,13.331708,01400937
6268054923,,,,52.4166601,13.3521352,07601236
6268491099,,,,52.5616728,13.4062906,03400826
6268586277,,,,52.4764189,13.4379319,08100207
6269535928,,,,52.5760217,13.4196504,03400724
6269535929,,,,52.5759032,13.4196843,03400724
6270020078,,,,52.5392998,13.4063716,03701554
6279486773,,,,52.4041387,13.2897207,0
6284645090,,,,52.5424381,13.4040857,03601142
6291362648,,,,52.3914152,13.2151261,0
6291771331,,,,52.57623,13.5747755,0
6309068660,,,,52.5550392,13.3548313,01400940
6309068661,,,,52.5543314,13.3537692,01400940
6356175447,,,,52.366851,13.4118643,0
6372315447,,,,52.4977674,13.5005403,11401135
6421772581,,,,52.381958,13.4445513,0
6421772582,,,,52.3820264,13.4448111,0
6441316315,,,,52.4216478,13.2223999,06400736
6449627784,,,,52.3651961,13.0950447,0
6450633585,,,,52.5043364,13.4891896,11400929
6455931634,,,,52.5115256,13.3136959,04300623
6480265324,,,,52.5564806,13.3666048,01401049
6480793067,,,,52.5002404,13.5329612,11401034
6481794565,,,,52.4132997,13.3624869,07601236
6486438643,,,,52.4847289,13.1855457,05400942
6492179110,,,,52.6050841,13.4261918,03200310
6499784792,,,,52.5489997,13.4663432,03500936
6499784793,,,,52.5487211,13.4640229,03500936
6499784794,,,,52.5487941,13.4651713,03500936
6501710910,,,,52.5099344,13.3131561,04300623
6501821185,,,,52.5495594,13.3736015,01401044
6518931487,,,,52.4577359,13.2665717,06400842
6633175791,,,,52.5015994,13.5070936,11401136
6786677383,,,,52.5154971,13.4655768,02500728
6786740186,,,,52.5157745,13.4656453,02500728
6786740216,,,,52.5156407,13.4660988,02500728
6789165029,,,,52.4903184,13.3714996,07100206
6793843004,,,,52.4899487,13.3713363,07100206
6839751565,,,,52.3894296,13.1078248,0
6866124366,,,,52.5251595,13.1968061,05200630
6946329284,,,,52.5165955,13.3342279,04300620
6946329585,,,,52.5162821,13.3338524,04300620
6976518437,,,,52.5160911,13.3153076,04300619
6982417994,,,,52.5048343,13.4086704,02100104
7051881656,,,,52.4860108,13.4682868,09100101
7084886241,,,,52.4825176,13.3749282,07400720
7084886445,,,,52.4825962,13.3760764,07400720
7248094401,,,,52.6381693,13.1968009,0
7288829016,,,,52.4859098,13.38281,02200209
7289162253,,,,52.4860021,13.391038,02200211
7295018185,,,,52.4969269,13.3860914,02200208
7382754564,,,,52.4321926,13.4513793,08300935
7382896652,,,,52.5638739,13.205958,05100102
7382896653,,,,52.5625695,13.2062517,05100102
7388139912,,,,52.3877999,13.1342306,0
7411539138,,,,52.45268,13.5703865,09501939
7428410594,,,,52.4375732,13.4598575,08401139
7454939234,,,,52.4968833,13.388456,02200208
7455040806,,,,52.4937645,13.3935928,02200210
7517779794,,,,52.4601067,13.3495472,07300619
7528920469,,,,52.4429171,13.3972719,07501031
7617579477,,,,52.5441003,13.3314298,01400937
7656623296,,,,52.5455885,13.4014072,03601142
7677201785,,,,52.5298657,13.5762538,10300732
7677208485,,,,52.5305921,13.5757209,10300732
7713987322,,,,52.559816,13.3724877,01300730
7716589317,,,,52.5569012,13.2250798,05300735
7725384830,,,,52.5568456,13.2254462,05300735
7772999933,,,,52.5598596,13.385036,01300731
7803092515,,,,52.4624856,13.4226908,08100105
7803092517,,,,52.4622041,13.4226927,08100105
7834718789,Trampoline,,,52.5080739,13.4684859,02500832
7834718790,,,,52.5085597,13.4681784,02500832
7834718791,,,,52.5083821,13.4683015,02500832
7834718792,,,,52.5087658,13.4678173,02500832
7844017322,,,,52.4947508,13.4575252,09100101
7844017341,,,,52.4959517,13.4572737,09100101
7858496999,,,,52.4340281,13.4544563,08300934
7884690597,,,,52.3662752,13.0966138,0
7900045907,,,,52.5609135,13.436227,03300516
7918392228,,,,52.63679,13.3183296,0
7918392232,,,,52.6367114,13.3181609,0
7935334863,,,,52.4419977,13.452802,08200727
7947531161,,,,52.5085471,13.5138407,11400931
7959958888,,,,52.5595478,13.3730667,01300730
7968979286,,,,52.4204619,13.1766146,06400735
8032387357,,,,52.6274463,13.7388069,0
8037587009,,,,52.6151542,13.6792177,0
8043872050,,,,52.4288101,13.2839271,06300632
8048236235,,,,52.3812765,13.1443204,0
8078142346,,,,52.5305186,13.3040138,04300517
8094641889,,,,52.364206,13.0982371,0
8115194292,,,,52.4525996,13.3871204,07501031
8165603102,,,,52.5013666,13.3898099,02100102
8181133844,,,,52.4636392,13.5260519,09200511
8196661506,,,,52.5336476,13.3390629,01200520
8224119118,,,,52.4961792,13.5221147,11401137
8224119123,,,,52.4966344,13.5210677,11401137
8224232585,,,,52.512101,13.5172857,11401032
8231242766,,,,52.4930884,13.5118633,11401135
8231265725,,,,52.4931946,13.5088717,11401135
8290426027,,,,52.5062425,13.423822,01100313
8305752589,,,,52.4404324,13.4655431,08401140
8305805358,,,,52.4401336,13.4648658,08401140
8306106577,,,,52.4411864,13.4670657,08401140
8327592511,,,,52.5117444,13.5099828,11401032
8424346495,,,,52.5641454,13.5692038,10100103
8442795909,,,,52.3627163,13.1331291,0
8461402315,,,,52.5290878,13.1914653,05200629
8463700618,,,,52.519579,13.5069572,11300725
8463762717,,,,52.5186345,13.5076731,11300725
8483936657,,,,52.3663115,13.1424165,0
8491569876,,,,52.495425,13.5169262,11401137
8502577679,,,,52.5558087,13.4725301,03501037
8579739124,,,,52.5140801,13.4798826,11300722
8599286036,,,,52.5709667,13.4152308,03400723
8599286037,,,,52.5719101,13.4148019,03400723
8605200442,,,,52.4807595,13.3835765,07400720
8615202479,,,,52.5640262,13.2056491,05100102
8615202480,,,,52.5627822,13.2048283,05100102
8615202481,,,,52.5623697,13.2014943,05100102
8615202482,,,,52.5649963,13.2054721,05100102
8615202484,,,,52.5644616,13.2101069,05100103
8615202485,,,,52.5640246,13.210005,05100103
8615202486,,,,52.5642741,13.2132987,05100103
8615202487,,,,52.5645692,13.2120542,05100103
8615202488,,,,52.5632762,13.21398,05100103
8615202489,,,,52.5628931,13.2133122,05100103
8615202490,,,,52.5629681,13.2127516,05100103
8615202491,,,,52.5633969,13.2132236,05100103
8615202492,,,,52.5635844,13.2117296,05100103
8615202493,,,,52.5637442,13.2105146,05100103
8615202494,,,,52.5616761,13.2061544,05100105
8615202495,,,,52.5574805,13.2044431,05100105
8615202496,,,,52.5558547,13.2030698,05100105
8615202497,,,,52.5567614,13.2189163,05100104
8615202498,,,,52.5574128,13.2194099,05100104
8615202499,,,,52.5580953,13.219611,05100104
8615202500,,,,52.5575359,13.2177496,05100104
8615202501,,,,52.5583382,13.2179293,05100104
8615202503,,,,52.5551485,13.2183128,05100104
8615907567,,,,52.5629827,13.2021543,05100102
8615907569,,,,52.5657202,13.2104343,05100103
8615907570,,,,52.5665272,13.2117861,05100103
8615907571,,,,52.5652555,13.2150557,05100103
8615907572,,,,52.5530046,13.2121616,05100313
8615907574,,,,52.5623419,13.2097262,05100103
8615958060,,,,52.5543076,13.196181,05100312
8615958070,,,,52.565337,13.2012826,05100102
8615958071,,,,52.56498,13.2033264,05100102
8615958072,,,,52.5645169,13.2036671,05100102
8615958074,,,,52.5640229,13.2033237,05100102
8615958075,,,,52.563599,13.2041713,05100102
8617991615,,,,52.4205709,13.4874743,08401242
8625837415,"Naturerfahrungsraum ""Wilde Welt"" an der Moorwiese",,,52.6360972,13.4906259,03100101
8625837416,"Naturerfahrungsraum ""Wilde Welt"" am Kienberg",,,52.5339607,13.5783013,10100316
8625902217,Naturerfahrungsraum Robinienwäldchen,,,52.5010258,13.3820576,02100101
8668398377,,,,52.5128558,13.5255834,11401033
8668398379,,,,52.5130431,13.5254091,11401033
8668401648,,,,52.5112743,13.525453,11401033
8679689725,,Ulmenstraße 16,13467,52.6167697,13.3096549,12400723
8690715502,,,,52.3712306,13.4737795,0
8691121856,,,,52.5390568,13.5068608,11200515
8691121857,,,,52.5390308,13.5060912,11200515
8691121858,,,,52.5390705,13.5075814,11200515
8691121859,,,,52.5391025,13.5082651,11200515
8691121860,,,,52.5391258,13.5089887,11200515
8735321574,,,,52.5365145,13.4891578,11200514
8735321586,,,,52.5360458,13.4901502,11200514
8735321590,,,,52.535193,13.4892091,11200514
8735321611,,,,52.5351409,13.4902279,11200514
8745354754,,,,52.5446356,13.2277404,05300736
8745354755,,,,52.5451879,13.228005,05300736
8745354756,,,,52.5444034,13.2289649,05300736
8745354757,,,,52.5450849,13.2259555,05300736
8745354758,,,,52.5456982,13.2258011,05300736
8746879619,,,,52.6270314,13.575079,0
8774124583,Kita Wirbelwind,,,52.52659,13.5333694,10100311
8789825218,,,,52.5017492,13.4017846,02100105
8794109589,,,,52.4650935,13.3500599,07300619
8848328982,,,,52.5085468,13.5015801,11400929
8848368494,,,,52.5086585,13.500467,11400929
8869797510,,,,52.5000894,13.3998732,02100105
8875740401,,,,52.5014901,13.401434,02100105
8881142004,,,,52.5144214,13.4833909,11300722
8881142005,,,,52.5144198,13.4836242,11300722
8881142007,,,,52.5143692,13.4840909,11300722
8909436218,,,,52.3983117,13.1348143,0
8909644724,,,,52.3947669,13.1218818,0
8910129171,,,,52.3958085,13.1237738,0
8910129172,,,,52.3954869,13.1235065,0
8917549502,,,,52.4996459,13.6142988,10400941
8941239667,,,,52.5249139,13.6773686,0
8942569356,,,,52.5286041,13.3567634,01200623
8978078503,,,,52.5007493,13.393113,02100102
8985873243,,,,52.4004422,13.2806855,0
9071251639,,,,52.5237956,13.1713369,05200527
9071254738,,,,52.5273777,13.1478957,05200525
9097167172,,,,52.4653796,13.4316488,08100105
9198286173,,,,52.5580676,13.3795866,01300730
9206264177,,,,52.4276308,13.3826017,07501133
9206376568,,,,52.506997,13.7585521,0
9216020679,,,,52.4154774,13.5427469,09300920
9236549015,,,,52.6208812,13.3575893,12500929
9246050258,,,,52.5190416,13.4516457,02400522
9394480474,,,,52.568749,13.4126609,03400723
9394480475,,,,52.5690957,13.4136015,03400723
9394528842,,,,52.5740453,13.4161042,03400724
9394588414,,,,52.5764729,13.3976959,03200206
9430706042,,,,52.5723568,13.4839342,11100101
9433254272,,,,52.493587,13.535378,11501340
9455034700,,,,52.5398711,13.5863566,10200418
9455320835,,,,52.5751708,13.3706566,12100103
9455320836,,,,52.5752276,13.369631,12100103
9455320969,,,,52.5750586,13.3676718,12100103
9529413711,,,,52.5298359,13.394361,01100415
9574603795,,,,52.521262,13.3576852,01200628
9597630530,,,,52.3615301,13.0894917,0
9597988869,,,,52.547112,13.452705,03500936
9629544235,,,,52.5199589,13.198452,05200631
9629544236,,,,52.5205073,13.1984573,05200631
9650229357,,,,52.5098345,13.227255,04200204
9661577593,,,,52.4172653,13.5477123,09300920
9670542036,,,,52.5202552,13.5994657,10400835
9679841331,,,,52.5965983,13.3362733,12601031
9680061860,,,,52.4084516,13.3305034,06200423
9696742423,,,,52.5079267,13.5336518,11401034
9772474263,,,,52.4146219,13.75931,0
9772474267,,,,52.415025,13.7596206,0
9779145622,,,,52.4011831,13.1015565,0
9852847853,,,,52.5539125,13.4020906,03601140
9852847854,,,,52.5538897,13.4017398,03601140
9852847855,,,,52.5539522,13.4013856,03601140
9862176098,,,,52.4743878,13.4447613,08100416
9883099763,,,,52.4977071,13.4124029,02100106
9887627032,,,,52.4680755,13.5064301,09200510
9908139381,,,,52.6057891,13.3127569,12500928
9933663366,,,,52.5072604,13.5327179,11401034
9960039093,,,,52.5164804,13.466329,02500728
9960039094,,,,52.5164103,13.4666092,02500728
9960039095,,,,52.5165087,13.4668638,02500728
9980045534,,,,52.5665053,13.10357,0
9983545081,,,,52.4589521,13.1128955,05400943
9986953847,,,,52.4941722,13.3786402,02200207
10015418019,,,,52.5351687,13.1394035,05200421
10038994052,,,,52.4218253,13.25401,06300528
10044090365,Tarzanseil,,,52.4633864,13.1104226,0
10050701383,,,,52.5115606,13.5562655,10300733
10050715516,,,,52.5109521,13.5549462,10300733
10050742218,,,,52.5111661,13.5546875,10300733
10050768982,,,,52.5108684,13.5561508,10300733
10064239466,,,,52.3782621,13.126472,0
10064239467,,,,52.3779023,13.1265602,0
10111489610,,,,52.5045602,13.3973744,02100103
10121306717,,,,52.5218766,13.2717769,04200308
10124113280,,,,52.3741058,13.1385487,0
10127779812,,,,52.5500823,13.4120973,03601141
10127779813,,,,52.5500527,13.4124673,03601141
10130302818,,,,52.4991753,13.5272152,11401034
10137505242,,,,52.4899616,13.3583138,07200409
10181658539,,,,52.3733403,13.1404464,0
10539271403,,,,52.593667,13.4537178,03300514
10574282513,,,,52.5242559,13.4467185,02400522
10699367316,,,,52.4481886,13.5828104,09501941
10721719500,,,,52.5600509,13.3618412,01400940
10745097831,,,,52.4065336,13.358656,07601341
10745134958,,,,52.399324,13.3719525,07601341
10748323118,,,,52.434336,13.5250443,09200715
10853224289,,,,52.387607,13.1145631,0
10860563913,,,,52.5060753,13.2277439,04200206
10963648976,,,,52.4600182,13.363231,07400822
10964227306,,,,52.3961508,13.2679148,0
10964227506,,,,52.3960331,13.2686779,0
10978446227,,,,52.5215119,13.3535055,01200626
11029922723,,,10315,52.5320628,13.5170204,11300721
11029964142,,,,52.5316817,13.516936,11300721
11060610605,,,,52.5104813,13.5638742,10300733
11060620005,,,,52.5058496,13.5558633,10300733
11060620105,,,,52.5056602,13.5557523,10300733
11074039812,,,,52.3644128,13.3751171,0
11078136007,,,,52.5206608,13.2634062,04200308
11111461723,,,,52.5658528,13.4055634,03400721
11138239492,,,,52.6370213,13.3736071,0
11141489274,,,,52.5981036,13.380184,03400618
11141489275,,,,52.5984874,13.3805377,03400618
11145790716,,,,52.505901,13.4373203,02400625
11160867845,Spielplatz Fichtenau,Käthe-Kollwitz-Straße 2,15566,52.4599639,13.7000084,0
11165241405,,,,52.4785238,13.5276007,11501341
11166868570,,,,52.4691182,13.5108797,09200510
11187231281,,,,52.5583152,13.3522317,01400940
11195797269,,,,52.4067054,13.5426954,09300923
11224848837,,,,52.5585231,13.3612715,01400940
11248701732,,,,52.360408,13.0945251,0
11274453216,,,,52.5350149,13.1395495,05200421
11283076069,,,,52.3927527,13.2708973,0
11302399263,,,,52.5406285,13.4322323,03701657
11302400839,,,,52.5417076,13.4300416,03701657
11302405279,,,,52.5395814,13.4306144,03701657
11302405280,,,,52.5397553,13.4307768,03701657
11327533569,,,,52.3987239,13.5224667,0
11371218098,,,,52.4130557,13.2701089,06300528
11371218103,,,,52.4138784,13.2697939,06300528
11371282348,,,,52.4468906,13.2697397,06400843
11374896188,,,,52.5601735,13.3314088,01400937
11465389070,,,,52.4282139,13.595998,09401329
11465389117,,,,52.6302741,13.286932,12400720
11483603705,,,,52.4867576,13.2767665,04400726
11693543906,,,,52.4340971,13.5483584,09200716
11704533402,,,,52.4183246,13.4480398,08200833
11710858334,,,,52.5225611,13.1719285,05200527
11710858359,,,,52.5227005,13.17116,05200527
11711268194,KinderQuad,,,52.3385169,13.3546389,0
11748690374,,,,52.5722309,13.3112813,12200310
11778472365,,,,52.5956728,13.3465291,12601236
11778567172,,,,52.6061717,13.3506649,12601134
11778567173,,,,52.6062264,13.3516483,12601134
11778567174,,,,52.6065341,13.3522864,12601134
11793704869,Bienenspielplatz,,,52.4321394,13.4493166,08300935
11818168204,,,,52.3810377,13.1435261,0
11818168205,,,,52.3809247,13.1428421,0
11818168206,,,,52.3809345,13.1450898,0
11878808665,,,,52.4247445,13.4809742,08301037
11881093404,,,,52.5853248,13.4035926,03200207
11881094412,,,,52.4120834,13.300111,06200420
11951745075,,,,52.3982045,13.4073569,07601443
11987717670,,,,52.4905932,13.4818331,02500836
11993640021,,,,52.5021082,13.4872757,11400928
12014478769,,,,52.3739753,13.136638,0
12014648241,,,,52.3690067,13.1455936,0
12014728969,,,,52.3735203,13.1366564,0
12014814131,,,,52.5565285,13.3584553,01400940
12043530755,,,,52.5040079,13.3630968,01100103
12045993662,,,,52.3667408,13.0991973,0
12046026980,,,,52.3591447,13.0908059,0
12077137169,,,,52.5896685,13.3378488,12500926
12094257581,,,,52.5288776,13.396821,01100309
12108103949,,,,52.5578678,13.3287356,01400937
12108106076,,,,52.5565602,13.3297359,01400937
12112530396,,,,52.5511071,13.3297126,01400937
12112970848,,,,52.5515212,13.3374124,01400937
12112970854,,,,52.5500146,13.3378087,01400937
12118900055,,,,52.5036018,13.4130053,02100104
12118900056,,,,52.5037774,13.4131891,02100104
12124138017,,,,52.6352108,13.5006947,03100102
12124172417,,,,52.6347311,13.5010093,03100102
12124969730,,,,52.5164949,13.3436308,01200629
12125377561,,,,52.4204031,13.3653628,07601236
12132449135,Spielplatz Fennpfuhlpark am Gemeindezentrum,,,52.5292079,13.4769144,11300617
12192684682,,,,52.4861872,13.4407271,08100312
12197472496,,,,52.5069889,13.4668483,02500834
12213880295,,,,52.4958508,13.5101042,11401135
12332796601,,,,52.5508888,13.4351755,03500934
12412364668,,,,52.5498352,13.2133949,05100313
12412364669,,,,52.5513369,13.2143749,05100313
12412923084,,,,52.5329942,13.4018934,01100416
12468983090,,,,52.5748227,13.3426484,12100206
12516406721,,,,52.5647914,13.4117876,03400826
12522793742,,,,52.5681234,13.4061644,03400723
12536030231,,,,52.5362142,13.4986357,11200514
12546378173,,,,52.4459274,13.3698453,07501029
12554063616,,,,52.5181884,13.2667166,04200308
12557626411,,,,52.511361,13.426284,02400623
12558727720,,,,52.5424407,13.3423964,01400938
12587770501,,,,52.46359,13.5472671,09200512
12589908395,,,,52.5687565,13.3516309,12100205
12589942336,,,,52.570402,13.3497374,12100205
12592820088,,,,52.386901,13.2827476,0
12617601104,Quartier HUGOS,,,52.4401699,13.4104605,07501032
12647631390,Ritterburg,,,52.4062101,13.5070243,08401245
12666286901,,,,52.4709451,13.4228846,08100104
12690328101,Kletterholz,,,52.4745182,13.4185092,08100103
12694884920,,,,52.427416,13.5834385,09401329
12694884921,,,,52.4271301,13.5840273,09401329
12749608201,Weidentipi,,,52.42718,13.4268396,08200729
12750948599,Erdhaufen,,,52.4267913,13.4292437,08200729
12772158230,,,,52.4226473,13.6290899,09401329
12794468838,,,,52.4934619,13.5015373,11401135
12805723702,Spielplatz,,,52.6704683,13.55388,0
12847161748,,,,52.3571338,13.1050434,0
12859635321,,,,52.4753534,13.438293,08100207
12859637869,,,,52.5692425,13.3267462,12200309
12859637870,,,,52.5694108,13.3268213,12200309
12859637873,,,,52.5685982,13.3254587,12200309
12859637874,,,,52.5694369,13.3256153,12200309
12897007675,,,,52.4710662,13.4239499,08100104
12905445650,,,,52.5566941,13.2097856,05100104
12905445651,,,,52.5564988,13.2109809,05100104
12921481446,,,,52.5699912,13.4914947,11100308
12921481447,,,,52.5699555,13.4929856,11100308
12956111257,,,,52.5457359,13.3699346,01401044
12966204936,,,,52.5425523,13.3609495,01401047
13005817813,Holz,,,52.4761855,13.436263,08100207
13005817885,,,,52.4754749,13.4382875,08100207
13014871101,,,,52.6703639,13.6013474,0
13018588020,,,,52.5569259,13.3061397,12200414
13037421501,Spielplatz Friedrich-Wolf-Straße 5-8,,,52.3672231,13.0979814,0
13037436501,,,,52.3657421,13.0986935,0
13040918272,,,,52.5205302,13.4322407,02400521
13051824758,,,,52.4344155,13.3869811,07501133
13083959089,,,,52.3575537,13.0935933,0
13118867857,,,,52.5581701,13.2129785,05100104
13118867858,,,,52.5587918,13.213114,05100104
13123556101,,,,52.3580381,13.0886171,0
13227896910,,,,52.5004855,13.3840029,02100101
13234115508,Silberner Spielplatz,,,52.4036508,13.5042657,08401245
13234115509,Blauer Spielplatz,,,52.402001,13.5059821,08401245
13244671447,Spielplatz Gershwinstraße,,,52.349254,13.3983187,0
13274054997,,,,52.4896941,13.3733618,07100206
13277433507,,,,52.4298959,13.5076724,09100409
13277433508,,,,52.4302317,13.506866,09100409
13277433509,,,,52.4305795,13.5060079,09100409
13288767103,,,,52.550065,13.2141185,05100313
13290674383,,,,52.3943428,13.2102945,0
13299300953,,,,52.5306889,13.3128793,04300518
13342791580,,,,52.5909839,13.3462665,12601235
